<?xml version="1.0" encoding="utf-8" ?>
<manifest xmlns="http://www.imsglobal.org/xsd/imscp_v1p1"
          xmlns:xsi="http://www.w3.org/2001/XMLSchema-instance"
          xmlns:adlcp="http://www.adlnet.org/xsd/adlcp_rootv1p2"
          xmlns:cwsp="http://www.dspace.org/xmlns/cwspace_imscp"
          xmlns:ocw="http://ocw.mit.edu/xmlns/ocw_imscp"
          xmlns:lom="http://ocw.mit.edu/xmlns/LOM"
          identifier="urn_edu.mit.ocw_6-189-a-gentle-introduction-to-programming-using-python-january-iap-2011"
          version="2016-2-6T22:54:43"
          cwsp:packageType="Course"
          xml:base="6-189-january-iap-2011/"
          xsi:schemaLocation="http://www.imsglobal.org/xsd/imscp_v1p1 http://www.imsglobal.org/xsd/imscp_v1p1.xsd  http://www.adlnet.org/xsd/adlcp_rootv1p2 http://www.adlnet.org/xsd/adlcp_rootv1p2.xsd http://www.dspace.org/xmlns/cwspace_imscp http://www.dspace.org/xsd/cwspace_imscp/version10/cwspace_imscpv10.xsd http://ocw.mit.edu/xmlns/ocw_imscp http://ocw.mit.edu/xsd/ocw_imscp/version10/ocw_imscpv10.xsd http://ocw.mit.edu/xmlns/LOM http://ocw.mit.edu/xsd/LOM/lomv1.0/lomv1.0.xsd">
   	<metadata>
   		<schema>IMS Content</schema>
        <schemaversion>1.1</schemaversion>
        <cwsp:packageMetadata>
            <cwsp:sourceSystem>OCW</cwsp:sourceSystem>
            <cwsp:profile>CWSpace</cwsp:profile>
            <cwsp:profileVersion>0.1</cwsp:profileVersion>
        </cwsp:packageMetadata>
        <lom:general uniqueElementName="general">
            <lom:title uniqueElementName="title">
				<lom:string language="en">A Gentle Introduction to Programming Using Python</lom:string>
			</lom:title>
			<lom:identifier>
				<lom:catalog uniqueElementName="catalog">OCW Master Course Number</lom:catalog>
		      	<lom:entry uniqueElementName="entry">6.189</lom:entry>
			</lom:identifier>
        </lom:general>
        <lom:lifecycle uniqueElementName="lifeCycle">
            <lom:version uniqueElementName="version">
				<lom:string language="en">January IAP 2011</lom:string>
			</lom:version>
            <lom:contribute>
	            <lom:role>
	                <lom:source uniqueElementName="source">OCW_LOMv1.0</lom:source>
	                <lom:value uniqueElementName="value">Author</lom:value>
	            </lom:role>
	            <lom:entity>Canelake, Sarina</lom:entity>
	            <lom:date uniqueElementName="date">
	                <lom:dateTime uniqueElementName="dateTime">2016-2-6</lom:dateTime>
	            </lom:date>
        	</lom:contribute>
        </lom:lifecycle>
        <lom:relation uniqueElementName="relation">
        	<lom:kind uniqueElementName="kind">
        		<lom:source uniqueElementName="source">OCW_LOMv1.0</lom:source>
        		<lom:value uniqueElementName="value">isbasedon</lom:value>
        	</lom:kind>
        	<lom:resource uniqueElementName="resource">
        		<lom:identifier>
        			<lom:catalog uniqueElementName="catalog">URI</lom:catalog>
        			<lom:entry uniqueElementName="entry">http://hdl.handle.net/1721.1/71171</lom:entry>
        		</lom:identifier>
        		<lom:description uniqueElementName="description">
        			<lom:string language="en">Previous version of the course</lom:string>
        		</lom:description>
        	</lom:resource>
        </lom:relation>
        <lom:taxonPath>
            <lom:source uniqueElementName="source">
                <lom:string language="en">OCW Course Topics</lom:string>
            </lom:source>
            <lom:taxon>
                <lom:entry uniqueElementName="entry">
                    <lom:string language="en">Engineering</lom:string>
                </lom:entry>
            </lom:taxon>
            <lom:taxon>
                <lom:entry uniqueElementName="entry">
                    <lom:string language="en">Computer Science</lom:string>
                </lom:entry>
            </lom:taxon>
            <lom:taxon>
                <lom:entry uniqueElementName="entry">
                    <lom:string language="en">Programming Languages</lom:string>
                </lom:entry>
            </lom:taxon>
        </lom:taxonPath>
        <lom:taxonPath>
            <lom:source uniqueElementName="source">
                <lom:string language="en">OCW Course Topics</lom:string>
            </lom:source>
            <lom:taxon>
                <lom:entry uniqueElementName="entry">
                    <lom:string language="en">Engineering</lom:string>
                </lom:entry>
            </lom:taxon>
            <lom:taxon>
                <lom:entry uniqueElementName="entry">
                    <lom:string language="en">Computer Science</lom:string>
                </lom:entry>
            </lom:taxon>
            <lom:taxon>
                <lom:entry uniqueElementName="entry">
                    <lom:string language="en">Software Design and Engineering</lom:string>
                </lom:entry>
            </lom:taxon>
        </lom:taxonPath>        
        <adlcp:location>contents/index.htm.xml</adlcp:location>
    </metadata>
    <organizations default="ocw_6-189-a-gentle-introduction-to-programming-using-python-january-iap-2011">
        <organization identifier="ocw_6-189-a-gentle-introduction-to-programming-using-python-january-iap-2011">
            <title>A Gentle Introduction to Programming Using Python</title>
            <item identifier="i_6-189-a-gentle-introduction-to-programming-using-python-january-iap-2011.CourseHome"
                  identifierref="r_contents.index.htm"
                  ocw:sectionTemplateType="CourseHomePage"
                  ocw:sectionTemplateVersion="2016-2-6">
				<title>A Gentle Introduction to Programming Using Python</title>
				<item identifier="i_6-189-a-gentle-introduction-to-programming-using-python-january-iap-2011.6-189iap11.jpg"
          identifierref="r_contents.6-189iap11.jpg">
				<title>6-189iap11.jpg</title>
				</item>
				<item identifier="i_6-189-a-gentle-introduction-to-programming-using-python-january-iap-2011.6-189iap11-th.jpg"
          identifierref="r_contents.6-189iap11-th.jpg">
				<title>6-189iap11-th.jpg</title>
				</item>
			</item>
            <item identifier="i_6-189-a-gentle-introduction-to-programming-using-python-january-iap-2011.Syllabus"
                  identifierref="r_contents.Syllabus.index.htm"
                  ocw:sectionTemplateType="CourseSection"
                  ocw:sectionTemplateVersion="2016-2-6">
				<title>Syllabus</title>
			</item>
            <item identifier="i_6-189-a-gentle-introduction-to-programming-using-python-january-iap-2011.calendar"
                  identifierref="r_contents.calendar.index.htm"
                  ocw:sectionTemplateType="CourseSection"
                  ocw:sectionTemplateVersion="2016-2-6">
				<title>Calendar</title>
			</item>
            <item identifier="i_6-189-a-gentle-introduction-to-programming-using-python-january-iap-2011.readings"
                  identifierref="r_contents.readings.index.htm"
                  ocw:sectionTemplateType="CourseSection"
                  ocw:sectionTemplateVersion="2016-2-6">
				<title>Readings</title>
			</item>
            <item identifier="i_6-189-a-gentle-introduction-to-programming-using-python-january-iap-2011.lectures"
                  identifierref="r_contents.lectures.index.htm"
                  ocw:sectionTemplateType="CourseSection"
                  ocw:sectionTemplateVersion="2016-2-6">
				<title>Lectures</title>
				<item identifier="i_6-189-a-gentle-introduction-to-programming-using-python-january-iap-2011.lectures.check_for_vowels.py"
          identifierref="r_contents.lectures.check_for_vowels.py">
				<title>check_for_vowels.py</title>
				</item>
				<item identifier="i_6-189-a-gentle-introduction-to-programming-using-python-january-iap-2011.lectures.string_examples.py"
          identifierref="r_contents.lectures.string_examples.py">
				<title>string_examples.py</title>
				</item>
				<item identifier="i_6-189-a-gentle-introduction-to-programming-using-python-january-iap-2011.lectures.MIT6_189IAP11_comment.pdf"
          identifierref="r_contents.lectures.MIT6_189IAP11_comment.pdf">
				<title>MIT6_189IAP11_comment.pdf</title>
				</item>
				<item identifier="i_6-189-a-gentle-introduction-to-programming-using-python-january-iap-2011.lectures.tuple_examples.py"
          identifierref="r_contents.lectures.tuple_examples.py">
				<title>tuple_examples.py</title>
				</item>
				<item identifier="i_6-189-a-gentle-introduction-to-programming-using-python-january-iap-2011.lectures.rps_example2.py"
          identifierref="r_contents.lectures.rps_example2.py">
				<title>rps_example2.py</title>
				</item>
				<item identifier="i_6-189-a-gentle-introduction-to-programming-using-python-january-iap-2011.lectures.functions.py"
          identifierref="r_contents.lectures.functions.py">
				<title>functions.py</title>
				</item>
				<item identifier="i_6-189-a-gentle-introduction-to-programming-using-python-january-iap-2011.lectures.wheel.py"
          identifierref="r_contents.lectures.wheel.py">
				<title>wheel.py</title>
				</item>
				<item identifier="i_6-189-a-gentle-introduction-to-programming-using-python-january-iap-2011.lectures.point.py"
          identifierref="r_contents.lectures.point.py">
				<title>point.py</title>
				</item>
				<item identifier="i_6-189-a-gentle-introduction-to-programming-using-python-january-iap-2011.lectures.raw_input_example.py"
          identifierref="r_contents.lectures.raw_input_example.py">
				<title>raw_input_example.py</title>
				</item>
				<item identifier="i_6-189-a-gentle-introduction-to-programming-using-python-january-iap-2011.lectures.conditional_examples.py"
          identifierref="r_contents.lectures.conditional_examples.py">
				<title>conditional_examples.py</title>
				</item>
				<item identifier="i_6-189-a-gentle-introduction-to-programming-using-python-january-iap-2011.lectures.comprehension_examples.py"
          identifierref="r_contents.lectures.comprehension_examples.py">
				<title>comprehension_examples.py</title>
				</item>
				<item identifier="i_6-189-a-gentle-introduction-to-programming-using-python-january-iap-2011.lectures.rps_example1.py"
          identifierref="r_contents.lectures.rps_example1.py">
				<title>rps_example1.py</title>
				</item>
				<item identifier="i_6-189-a-gentle-introduction-to-programming-using-python-january-iap-2011.lectures.MIT6_189IAP11_mistakes.pdf"
          identifierref="r_contents.lectures.MIT6_189IAP11_mistakes.pdf">
				<title>MIT6_189IAP11_mistakes.pdf</title>
				</item>
				<item identifier="i_6-189-a-gentle-introduction-to-programming-using-python-january-iap-2011.lectures.loop_examples.py"
          identifierref="r_contents.lectures.loop_examples.py">
				<title>loop_examples.py</title>
				</item>
				<item identifier="i_6-189-a-gentle-introduction-to-programming-using-python-january-iap-2011.lectures.lecture3.py"
          identifierref="r_contents.lectures.lecture3.py">
				<title>lecture3.py</title>
				</item>
				<item identifier="i_6-189-a-gentle-introduction-to-programming-using-python-january-iap-2011.lectures.while_else.py"
          identifierref="r_contents.lectures.while_else.py">
				<title>while_else.py</title>
				</item>
				<item identifier="i_6-189-a-gentle-introduction-to-programming-using-python-january-iap-2011.lectures.list_examples.py"
          identifierref="r_contents.lectures.list_examples.py">
				<title>list_examples.py</title>
				</item>
				<item identifier="i_6-189-a-gentle-introduction-to-programming-using-python-january-iap-2011.lectures.MIT6_189IAP11_start.pdf"
          identifierref="r_contents.lectures.MIT6_189IAP11_start.pdf">
				<title>MIT6_189IAP11_start.pdf</title>
				</item>
				<item identifier="i_6-189-a-gentle-introduction-to-programming-using-python-january-iap-2011.lectures.inheritance_examples.py"
          identifierref="r_contents.lectures.inheritance_examples.py">
				<title>inheritance_examples.py</title>
				</item>
				<item identifier="i_6-189-a-gentle-introduction-to-programming-using-python-january-iap-2011.lectures.height_example.py"
          identifierref="r_contents.lectures.height_example.py">
				<title>height_example.py</title>
				</item>
				<item identifier="i_6-189-a-gentle-introduction-to-programming-using-python-january-iap-2011.lectures.MIT6_189IAP11_rec_notes.pdf"
          identifierref="r_contents.lectures.MIT6_189IAP11_rec_notes.pdf">
				<title>MIT6_189IAP11_rec_notes.pdf</title>
				</item>
				<item identifier="i_6-189-a-gentle-introduction-to-programming-using-python-january-iap-2011.lectures.MIT6_189IAP11_rec_problems.pdf"
          identifierref="r_contents.lectures.MIT6_189IAP11_rec_problems.pdf">
				<title>MIT6_189IAP11_rec_problems.pdf</title>
				</item>
				<item identifier="i_6-189-a-gentle-introduction-to-programming-using-python-january-iap-2011.lectures.rec_ex.py"
          identifierref="r_contents.lectures.rec_ex.py">
				<title>rec_ex.py</title>
				</item>
				<item identifier="i_6-189-a-gentle-introduction-to-programming-using-python-january-iap-2011.lectures.recursion.py"
          identifierref="r_contents.lectures.recursion.py">
				<title>recursion.py</title>
				</item>
			</item>
            <item identifier="i_6-189-a-gentle-introduction-to-programming-using-python-january-iap-2011.assignments"
                  identifierref="r_contents.assignments.index.htm"
                  ocw:sectionTemplateType="CourseSection"
                  ocw:sectionTemplateVersion="2016-2-6">
				<title>Assignments</title>
				<item identifier="i_6-189-a-gentle-introduction-to-programming-using-python-january-iap-2011.assignments.MIT6_189IAP11_project2.pdf"
          identifierref="r_contents.assignments.MIT6_189IAP11_project2.pdf">
				<title>MIT6_189IAP11_project2.pdf</title>
				</item>
				<item identifier="i_6-189-a-gentle-introduction-to-programming-using-python-january-iap-2011.assignments.MIT6_189IAP11_project1.pdf"
          identifierref="r_contents.assignments.MIT6_189IAP11_project1.pdf">
				<title>MIT6_189IAP11_project1.pdf</title>
				</item>
				<item identifier="i_6-189-a-gentle-introduction-to-programming-using-python-january-iap-2011.assignments.tetris_template.py"
          identifierref="r_contents.assignments.tetris_template.py">
				<title>tetris_template.py</title>
				</item>
				<item identifier="i_6-189-a-gentle-introduction-to-programming-using-python-january-iap-2011.assignments.hangman_lib_demo.py"
          identifierref="r_contents.assignments.hangman_lib_demo.py">
				<title>hangman_lib_demo.py</title>
				</item>
				<item identifier="i_6-189-a-gentle-introduction-to-programming-using-python-january-iap-2011.assignments.words.txt"
          identifierref="r_contents.assignments.words.txt">
				<title>words.txt</title>
				</item>
				<item identifier="i_6-189-a-gentle-introduction-to-programming-using-python-january-iap-2011.assignments.game_of_life_template.py"
          identifierref="r_contents.assignments.game_of_life_template.py">
				<title>game_of_life_template.py</title>
				</item>
				<item identifier="i_6-189-a-gentle-introduction-to-programming-using-python-january-iap-2011.assignments.hangman_lib.py"
          identifierref="r_contents.assignments.hangman_lib.py">
				<title>hangman_lib.py</title>
				</item>
				<item identifier="i_6-189-a-gentle-introduction-to-programming-using-python-january-iap-2011.assignments.hangman_template.py"
          identifierref="r_contents.assignments.hangman_template.py">
				<title>hangman_template.py</title>
				</item>
				<item identifier="i_6-189-a-gentle-introduction-to-programming-using-python-january-iap-2011.assignments.MIT6_189IAP11_final_proj.pdf"
          identifierref="r_contents.assignments.MIT6_189IAP11_final_proj.pdf">
				<title>MIT6_189IAP11_final_proj.pdf</title>
				</item>
				<item identifier="i_6-189-a-gentle-introduction-to-programming-using-python-january-iap-2011.assignments.MIT6_189IAP11_hw3_written.pdf"
          identifierref="r_contents.assignments.MIT6_189IAP11_hw3_written.pdf">
				<title>MIT6_189IAP11_hw3_written.pdf</title>
				</item>
				<item identifier="i_6-189-a-gentle-introduction-to-programming-using-python-january-iap-2011.assignments.hw2.py"
          identifierref="r_contents.assignments.hw2.py">
				<title>hw2.py</title>
				</item>
				<item identifier="i_6-189-a-gentle-introduction-to-programming-using-python-january-iap-2011.assignments.MIT6_189IAP11_hw4.pdf"
          identifierref="r_contents.assignments.MIT6_189IAP11_hw4.pdf">
				<title>MIT6_189IAP11_hw4.pdf</title>
				</item>
				<item identifier="i_6-189-a-gentle-introduction-to-programming-using-python-january-iap-2011.assignments.MIT6_189IAP11_hw1_written.pdf"
          identifierref="r_contents.assignments.MIT6_189IAP11_hw1_written.pdf">
				<title>MIT6_189IAP11_hw1_written.pdf</title>
				</item>
				<item identifier="i_6-189-a-gentle-introduction-to-programming-using-python-january-iap-2011.assignments.MIT6_189IAP11_hw3.pdf"
          identifierref="r_contents.assignments.MIT6_189IAP11_hw3.pdf">
				<title>MIT6_189IAP11_hw3.pdf</title>
				</item>
				<item identifier="i_6-189-a-gentle-introduction-to-programming-using-python-january-iap-2011.assignments.wheel.py"
          identifierref="r_contents.assignments.wheel.py">
				<title>wheel.py</title>
				</item>
				<item identifier="i_6-189-a-gentle-introduction-to-programming-using-python-january-iap-2011.assignments.MIT6_189IAP11_hw2_written.pdf"
          identifierref="r_contents.assignments.MIT6_189IAP11_hw2_written.pdf">
				<title>MIT6_189IAP11_hw2_written.pdf</title>
				</item>
				<item identifier="i_6-189-a-gentle-introduction-to-programming-using-python-january-iap-2011.assignments.hw3.py"
          identifierref="r_contents.assignments.hw3.py">
				<title>hw3.py</title>
				</item>
				<item identifier="i_6-189-a-gentle-introduction-to-programming-using-python-january-iap-2011.assignments.strings_and_lists.py"
          identifierref="r_contents.assignments.strings_and_lists.py">
				<title>strings_and_lists.py</title>
				</item>
				<item identifier="i_6-189-a-gentle-introduction-to-programming-using-python-january-iap-2011.assignments.nims.py"
          identifierref="r_contents.assignments.nims.py">
				<title>nims.py</title>
				</item>
				<item identifier="i_6-189-a-gentle-introduction-to-programming-using-python-january-iap-2011.assignments.rgb.txt"
          identifierref="r_contents.assignments.rgb.txt">
				<title>rgb.txt</title>
				</item>
				<item identifier="i_6-189-a-gentle-introduction-to-programming-using-python-january-iap-2011.assignments.graphics.py"
          identifierref="r_contents.assignments.graphics.py">
				<title>graphics.py</title>
				</item>
				<item identifier="i_6-189-a-gentle-introduction-to-programming-using-python-january-iap-2011.assignments.hw1.py"
          identifierref="r_contents.assignments.hw1.py">
				<title>hw1.py</title>
				</item>
				<item identifier="i_6-189-a-gentle-introduction-to-programming-using-python-january-iap-2011.assignments.MIT6_189IAP11_hw2.pdf"
          identifierref="r_contents.assignments.MIT6_189IAP11_hw2.pdf">
				<title>MIT6_189IAP11_hw2.pdf</title>
				</item>
				<item identifier="i_6-189-a-gentle-introduction-to-programming-using-python-january-iap-2011.assignments.MIT6_189IAP11_hw1.pdf"
          identifierref="r_contents.assignments.MIT6_189IAP11_hw1.pdf">
				<title>MIT6_189IAP11_hw1.pdf</title>
				</item>
				<item identifier="i_6-189-a-gentle-introduction-to-programming-using-python-january-iap-2011.assignments.MIT6_189IAP11_hw4_written.pdf"
          identifierref="r_contents.assignments.MIT6_189IAP11_hw4_written.pdf">
				<title>MIT6_189IAP11_hw4_written.pdf</title>
				</item>
				<item identifier="i_6-189-a-gentle-introduction-to-programming-using-python-january-iap-2011.assignments.MIT6_189IAP11_graphics.pdf"
          identifierref="r_contents.assignments.MIT6_189IAP11_graphics.pdf">
				<title>MIT6_189IAP11_graphics.pdf</title>
				</item>
			</item>
            <item identifier="i_6-189-a-gentle-introduction-to-programming-using-python-january-iap-2011.exams"
                  identifierref="r_contents.exams.index.htm"
                  ocw:sectionTemplateType="CourseSection"
                  ocw:sectionTemplateVersion="2016-2-6">
				<title>Exams</title>
				<item identifier="i_6-189-a-gentle-introduction-to-programming-using-python-january-iap-2011.exams.MIT6_189IAP11_exam.pdf"
          identifierref="r_contents.exams.MIT6_189IAP11_exam.pdf">
				<title>MIT6_189IAP11_exam.pdf</title>
				</item>
				<item identifier="i_6-189-a-gentle-introduction-to-programming-using-python-january-iap-2011.exams.exam_sol.py"
          identifierref="r_contents.exams.exam_sol.py">
				<title>exam_sol.py</title>
				</item>
			</item>
            <item identifier="i_6-189-a-gentle-introduction-to-programming-using-python-january-iap-2011.related-resources"
                  identifierref="r_contents.related-resources.index.htm"
                  ocw:sectionTemplateType="CourseSection"
                  ocw:sectionTemplateVersion="2016-2-6">
				<title>Related Resources</title>
			</item>
            <item identifier="i_terms"
                  identifierref="r_common.terms.index.htm"
                  ocw:sectionTemplateType="GlobalSection"
                  ocw:sectionTemplateVersion="2016-2-6">
				<title>Legal Notices</title>
			</item>
            <item identifier="i_terms"
                  identifierref="r_common.terms.index.htm"
                  ocw:sectionTemplateType="GlobalSection"
                  ocw:sectionTemplateVersion="2016-2-6">
				<title>Privacy Statement</title>
			</item>
            <item identifier="i_terms.trademarks"
                  identifierref="r_common.terms.trademarks.index.htm"
                  ocw:sectionTemplateType="GlobalSection"
                  ocw:sectionTemplateVersion="2016-2-6">
				<title>Trademark Notices</title>
			</item>
        </organization>
    </organizations>
    <resources>
        <resource identifier="r_contents.lectures.MIT6_189IAP11_rec_problems.pdf"
                  type="other"
                  href="contents/lectures/MIT6_189IAP11_rec_problems.pdf">
            <metadata>
                <adlcp:location>contents/lectures/MIT6_189IAP11_rec_problems.pdf.xml</adlcp:location>
            </metadata>
            <file href="contents/lectures/MIT6_189IAP11_rec_problems.pdf"/>
                        
        </resource>
        <resource identifier="r_contents.lectures.MIT6_189IAP11_start.pdf"
                  type="other"
                  href="contents/lectures/MIT6_189IAP11_start.pdf">
            <metadata>
                <adlcp:location>contents/lectures/MIT6_189IAP11_start.pdf.xml</adlcp:location>
            </metadata>
            <file href="contents/lectures/MIT6_189IAP11_start.pdf"/>
                        
        </resource>
        <resource identifier="r_contents.lectures.point.py"
                  type="other"
                  href="contents/lectures/point.py">
            <metadata>
                <adlcp:location>contents/lectures/point.py.xml</adlcp:location>
            </metadata>
            <file href="contents/lectures/point.py"/>
                        
        </resource>
        <resource identifier="r_contents.lectures.functions.py"
                  type="other"
                  href="contents/lectures/functions.py">
            <metadata>
                <adlcp:location>contents/lectures/functions.py.xml</adlcp:location>
            </metadata>
            <file href="contents/lectures/functions.py"/>
                        
        </resource>
        <resource identifier="r_contents.assignments.MIT6_189IAP11_hw1_written.pdf"
                  type="other"
                  href="contents/assignments/MIT6_189IAP11_hw1_written.pdf">
            <metadata>
                <adlcp:location>contents/assignments/MIT6_189IAP11_hw1_written.pdf.xml</adlcp:location>
            </metadata>
            <file href="contents/assignments/MIT6_189IAP11_hw1_written.pdf"/>
                        
        </resource>
        <resource identifier="r_contents.lectures.inheritance_examples.py"
                  type="other"
                  href="contents/lectures/inheritance_examples.py">
            <metadata>
                <adlcp:location>contents/lectures/inheritance_examples.py.xml</adlcp:location>
            </metadata>
            <file href="contents/lectures/inheritance_examples.py"/>
                        
        </resource>
        <resource identifier="r_contents.lectures.check_for_vowels.py"
                  type="other"
                  href="contents/lectures/check_for_vowels.py">
            <metadata>
                <adlcp:location>contents/lectures/check_for_vowels.py.xml</adlcp:location>
            </metadata>
            <file href="contents/lectures/check_for_vowels.py"/>
                        
        </resource>
        <resource identifier="r_contents.lectures.comprehension_examples.py"
                  type="other"
                  href="contents/lectures/comprehension_examples.py">
            <metadata>
                <adlcp:location>contents/lectures/comprehension_examples.py.xml</adlcp:location>
            </metadata>
            <file href="contents/lectures/comprehension_examples.py"/>
                        
        </resource>
        <resource identifier="r_contents.exams.exam_sol.py"
                  type="other"
                  href="contents/exams/exam_sol.py">
            <metadata>
                <adlcp:location>contents/exams/exam_sol.py.xml</adlcp:location>
            </metadata>
            <file href="contents/exams/exam_sol.py"/>
                        
        </resource>
        <resource identifier="r_contents.lectures.index.htm"
                  type="webcontent"
                  href="contents/lectures/index.htm">
            <metadata>
                <adlcp:location>contents/lectures/index.htm.xml</adlcp:location>
            </metadata>
            <file href="contents/lectures/index.htm"/>
            <dependency identifierref="webrenderrequirements.6-189-a-gentle-introduction-to-programming-using-python-january-iap-2011"/>            
        </resource>
        <resource identifier="r_contents.lectures.tuple_examples.py"
                  type="other"
                  href="contents/lectures/tuple_examples.py">
            <metadata>
                <adlcp:location>contents/lectures/tuple_examples.py.xml</adlcp:location>
            </metadata>
            <file href="contents/lectures/tuple_examples.py"/>
                        
        </resource>
        <resource identifier="r_contents.assignments.hw2.py"
                  type="other"
                  href="contents/assignments/hw2.py">
            <metadata>
                <adlcp:location>contents/assignments/hw2.py.xml</adlcp:location>
            </metadata>
            <file href="contents/assignments/hw2.py"/>
                        
        </resource>
        <resource identifier="r_contents.assignments.MIT6_189IAP11_hw3.pdf"
                  type="other"
                  href="contents/assignments/MIT6_189IAP11_hw3.pdf">
            <metadata>
                <adlcp:location>contents/assignments/MIT6_189IAP11_hw3.pdf.xml</adlcp:location>
            </metadata>
            <file href="contents/assignments/MIT6_189IAP11_hw3.pdf"/>
                        
        </resource>
        <resource identifier="r_contents.assignments.MIT6_189IAP11_hw3_written.pdf"
                  type="other"
                  href="contents/assignments/MIT6_189IAP11_hw3_written.pdf">
            <metadata>
                <adlcp:location>contents/assignments/MIT6_189IAP11_hw3_written.pdf.xml</adlcp:location>
            </metadata>
            <file href="contents/assignments/MIT6_189IAP11_hw3_written.pdf"/>
                        
        </resource>
        <resource identifier="r_contents.lectures.MIT6_189IAP11_comment.pdf"
                  type="other"
                  href="contents/lectures/MIT6_189IAP11_comment.pdf">
            <metadata>
                <adlcp:location>contents/lectures/MIT6_189IAP11_comment.pdf.xml</adlcp:location>
            </metadata>
            <file href="contents/lectures/MIT6_189IAP11_comment.pdf"/>
                        
        </resource>
        <resource identifier="r_contents.lectures.wheel.py"
                  type="other"
                  href="contents/lectures/wheel.py">
            <metadata>
                <adlcp:location>contents/lectures/wheel.py.xml</adlcp:location>
            </metadata>
            <file href="contents/lectures/wheel.py"/>
                        
        </resource>
        <resource identifier="r_contents.lectures.height_example.py"
                  type="other"
                  href="contents/lectures/height_example.py">
            <metadata>
                <adlcp:location>contents/lectures/height_example.py.xml</adlcp:location>
            </metadata>
            <file href="contents/lectures/height_example.py"/>
                        
        </resource>
        <resource identifier="r_contents.lectures.while_else.py"
                  type="other"
                  href="contents/lectures/while_else.py">
            <metadata>
                <adlcp:location>contents/lectures/while_else.py.xml</adlcp:location>
            </metadata>
            <file href="contents/lectures/while_else.py"/>
                        
        </resource>
        <resource identifier="r_contents.assignments.MIT6_189IAP11_hw1.pdf"
                  type="other"
                  href="contents/assignments/MIT6_189IAP11_hw1.pdf">
            <metadata>
                <adlcp:location>contents/assignments/MIT6_189IAP11_hw1.pdf.xml</adlcp:location>
            </metadata>
            <file href="contents/assignments/MIT6_189IAP11_hw1.pdf"/>
                        
        </resource>
        <resource identifier="r_contents.exams.MIT6_189IAP11_exam.pdf"
                  type="other"
                  href="contents/exams/MIT6_189IAP11_exam.pdf">
            <metadata>
                <adlcp:location>contents/exams/MIT6_189IAP11_exam.pdf.xml</adlcp:location>
            </metadata>
            <file href="contents/exams/MIT6_189IAP11_exam.pdf"/>
                        
        </resource>
        <resource identifier="r_contents.Syllabus.index.htm"
                  type="webcontent"
                  href="contents/Syllabus/index.htm">
            <metadata>
                <adlcp:location>contents/Syllabus/index.htm.xml</adlcp:location>
            </metadata>
            <file href="contents/Syllabus/index.htm"/>
            <dependency identifierref="webrenderrequirements.6-189-a-gentle-introduction-to-programming-using-python-january-iap-2011"/>            
        </resource>
        <resource identifier="r_contents.assignments.rgb.txt"
                  type="other"
                  href="contents/assignments/rgb.txt">
            <metadata>
                <adlcp:location>contents/assignments/rgb.txt.xml</adlcp:location>
            </metadata>
            <file href="contents/assignments/rgb.txt"/>
                        
        </resource>
        <resource identifier="r_contents.assignments.hw1.py"
                  type="other"
                  href="contents/assignments/hw1.py">
            <metadata>
                <adlcp:location>contents/assignments/hw1.py.xml</adlcp:location>
            </metadata>
            <file href="contents/assignments/hw1.py"/>
                        
        </resource>
        <resource identifier="r_contents.assignments.MIT6_189IAP11_hw2.pdf"
                  type="other"
                  href="contents/assignments/MIT6_189IAP11_hw2.pdf">
            <metadata>
                <adlcp:location>contents/assignments/MIT6_189IAP11_hw2.pdf.xml</adlcp:location>
            </metadata>
            <file href="contents/assignments/MIT6_189IAP11_hw2.pdf"/>
                        
        </resource>
        <resource identifier="r_contents.assignments.game_of_life_template.py"
                  type="other"
                  href="contents/assignments/game_of_life_template.py">
            <metadata>
                <adlcp:location>contents/assignments/game_of_life_template.py.xml</adlcp:location>
            </metadata>
            <file href="contents/assignments/game_of_life_template.py"/>
                        
        </resource>
        <resource identifier="r_contents.lectures.MIT6_189IAP11_rec_notes.pdf"
                  type="other"
                  href="contents/lectures/MIT6_189IAP11_rec_notes.pdf">
            <metadata>
                <adlcp:location>contents/lectures/MIT6_189IAP11_rec_notes.pdf.xml</adlcp:location>
            </metadata>
            <file href="contents/lectures/MIT6_189IAP11_rec_notes.pdf"/>
                        
        </resource>
        <resource identifier="r_contents.lectures.rec_ex.py"
                  type="other"
                  href="contents/lectures/rec_ex.py">
            <metadata>
                <adlcp:location>contents/lectures/rec_ex.py.xml</adlcp:location>
            </metadata>
            <file href="contents/lectures/rec_ex.py"/>
                        
        </resource>
        <resource identifier="r_contents.assignments.hangman_lib_demo.py"
                  type="other"
                  href="contents/assignments/hangman_lib_demo.py">
            <metadata>
                <adlcp:location>contents/assignments/hangman_lib_demo.py.xml</adlcp:location>
            </metadata>
            <file href="contents/assignments/hangman_lib_demo.py"/>
                        
        </resource>
        <resource identifier="r_contents.lectures.MIT6_189IAP11_mistakes.pdf"
                  type="other"
                  href="contents/lectures/MIT6_189IAP11_mistakes.pdf">
            <metadata>
                <adlcp:location>contents/lectures/MIT6_189IAP11_mistakes.pdf.xml</adlcp:location>
            </metadata>
            <file href="contents/lectures/MIT6_189IAP11_mistakes.pdf"/>
                        
        </resource>
        <resource identifier="r_contents.lectures.recursion.py"
                  type="other"
                  href="contents/lectures/recursion.py">
            <metadata>
                <adlcp:location>contents/lectures/recursion.py.xml</adlcp:location>
            </metadata>
            <file href="contents/lectures/recursion.py"/>
                        
        </resource>
        <resource identifier="r_contents.assignments.wheel.py"
                  type="other"
                  href="contents/assignments/wheel.py">
            <metadata>
                <adlcp:location>contents/assignments/wheel.py.xml</adlcp:location>
            </metadata>
            <file href="contents/assignments/wheel.py"/>
                        
        </resource>
        <resource identifier="r_contents.lectures.list_examples.py"
                  type="other"
                  href="contents/lectures/list_examples.py">
            <metadata>
                <adlcp:location>contents/lectures/list_examples.py.xml</adlcp:location>
            </metadata>
            <file href="contents/lectures/list_examples.py"/>
                        
        </resource>
        <resource identifier="r_contents.assignments.index.htm"
                  type="webcontent"
                  href="contents/assignments/index.htm">
            <metadata>
                <adlcp:location>contents/assignments/index.htm.xml</adlcp:location>
            </metadata>
            <file href="contents/assignments/index.htm"/>
            <dependency identifierref="webrenderrequirements.6-189-a-gentle-introduction-to-programming-using-python-january-iap-2011"/>            
        </resource>
        <resource identifier="r_contents.assignments.MIT6_189IAP11_hw2_written.pdf"
                  type="other"
                  href="contents/assignments/MIT6_189IAP11_hw2_written.pdf">
            <metadata>
                <adlcp:location>contents/assignments/MIT6_189IAP11_hw2_written.pdf.xml</adlcp:location>
            </metadata>
            <file href="contents/assignments/MIT6_189IAP11_hw2_written.pdf"/>
                        
        </resource>
        <resource identifier="r_contents.lectures.string_examples.py"
                  type="other"
                  href="contents/lectures/string_examples.py">
            <metadata>
                <adlcp:location>contents/lectures/string_examples.py.xml</adlcp:location>
            </metadata>
            <file href="contents/lectures/string_examples.py"/>
                        
        </resource>
        <resource identifier="r_contents.6-189iap11-th.jpg"
                  type="other"
                  href="contents/6-189iap11-th.jpg">
            <metadata>
                <adlcp:location>contents/6-189iap11-th.jpg.xml</adlcp:location>
            </metadata>
            <file href="contents/6-189iap11-th.jpg"/>
                        
        </resource>
        <resource identifier="r_contents.lectures.lecture3.py"
                  type="other"
                  href="contents/lectures/lecture3.py">
            <metadata>
                <adlcp:location>contents/lectures/lecture3.py.xml</adlcp:location>
            </metadata>
            <file href="contents/lectures/lecture3.py"/>
                        
        </resource>
        <resource identifier="r_contents.exams.index.htm"
                  type="webcontent"
                  href="contents/exams/index.htm">
            <metadata>
                <adlcp:location>contents/exams/index.htm.xml</adlcp:location>
            </metadata>
            <file href="contents/exams/index.htm"/>
            <dependency identifierref="webrenderrequirements.6-189-a-gentle-introduction-to-programming-using-python-january-iap-2011"/>            
        </resource>
        <resource identifier="r_contents.assignments.hw3.py"
                  type="other"
                  href="contents/assignments/hw3.py">
            <metadata>
                <adlcp:location>contents/assignments/hw3.py.xml</adlcp:location>
            </metadata>
            <file href="contents/assignments/hw3.py"/>
                        
        </resource>
        <resource identifier="r_contents.calendar.index.htm"
                  type="webcontent"
                  href="contents/calendar/index.htm">
            <metadata>
                <adlcp:location>contents/calendar/index.htm.xml</adlcp:location>
            </metadata>
            <file href="contents/calendar/index.htm"/>
            <dependency identifierref="webrenderrequirements.6-189-a-gentle-introduction-to-programming-using-python-january-iap-2011"/>            
        </resource>
        <resource identifier="r_contents.related-resources.index.htm"
                  type="webcontent"
                  href="contents/related-resources/index.htm">
            <metadata>
                <adlcp:location>contents/related-resources/index.htm.xml</adlcp:location>
            </metadata>
            <file href="contents/related-resources/index.htm"/>
            <dependency identifierref="webrenderrequirements.6-189-a-gentle-introduction-to-programming-using-python-january-iap-2011"/>            
        </resource>
        <resource identifier="r_contents.lectures.loop_examples.py"
                  type="other"
                  href="contents/lectures/loop_examples.py">
            <metadata>
                <adlcp:location>contents/lectures/loop_examples.py.xml</adlcp:location>
            </metadata>
            <file href="contents/lectures/loop_examples.py"/>
                        
        </resource>
        <resource identifier="r_contents.assignments.MIT6_189IAP11_project2.pdf"
                  type="other"
                  href="contents/assignments/MIT6_189IAP11_project2.pdf">
            <metadata>
                <adlcp:location>contents/assignments/MIT6_189IAP11_project2.pdf.xml</adlcp:location>
            </metadata>
            <file href="contents/assignments/MIT6_189IAP11_project2.pdf"/>
                        
        </resource>
        <resource identifier="r_contents.assignments.MIT6_189IAP11_final_proj.pdf"
                  type="other"
                  href="contents/assignments/MIT6_189IAP11_final_proj.pdf">
            <metadata>
                <adlcp:location>contents/assignments/MIT6_189IAP11_final_proj.pdf.xml</adlcp:location>
            </metadata>
            <file href="contents/assignments/MIT6_189IAP11_final_proj.pdf"/>
                        
        </resource>
        <resource identifier="r_contents.assignments.MIT6_189IAP11_hw4.pdf"
                  type="other"
                  href="contents/assignments/MIT6_189IAP11_hw4.pdf">
            <metadata>
                <adlcp:location>contents/assignments/MIT6_189IAP11_hw4.pdf.xml</adlcp:location>
            </metadata>
            <file href="contents/assignments/MIT6_189IAP11_hw4.pdf"/>
                        
        </resource>
        <resource identifier="r_contents.lectures.conditional_examples.py"
                  type="other"
                  href="contents/lectures/conditional_examples.py">
            <metadata>
                <adlcp:location>contents/lectures/conditional_examples.py.xml</adlcp:location>
            </metadata>
            <file href="contents/lectures/conditional_examples.py"/>
                        
        </resource>
        <resource identifier="r_contents.assignments.hangman_template.py"
                  type="other"
                  href="contents/assignments/hangman_template.py">
            <metadata>
                <adlcp:location>contents/assignments/hangman_template.py.xml</adlcp:location>
            </metadata>
            <file href="contents/assignments/hangman_template.py"/>
                        
        </resource>
        <resource identifier="r_contents.assignments.tetris_template.py"
                  type="other"
                  href="contents/assignments/tetris_template.py">
            <metadata>
                <adlcp:location>contents/assignments/tetris_template.py.xml</adlcp:location>
            </metadata>
            <file href="contents/assignments/tetris_template.py"/>
                        
        </resource>
        <resource identifier="r_contents.assignments.MIT6_189IAP11_hw4_written.pdf"
                  type="other"
                  href="contents/assignments/MIT6_189IAP11_hw4_written.pdf">
            <metadata>
                <adlcp:location>contents/assignments/MIT6_189IAP11_hw4_written.pdf.xml</adlcp:location>
            </metadata>
            <file href="contents/assignments/MIT6_189IAP11_hw4_written.pdf"/>
                        
        </resource>
        <resource identifier="r_contents.assignments.MIT6_189IAP11_graphics.pdf"
                  type="other"
                  href="contents/assignments/MIT6_189IAP11_graphics.pdf">
            <metadata>
                <adlcp:location>contents/assignments/MIT6_189IAP11_graphics.pdf.xml</adlcp:location>
            </metadata>
            <file href="contents/assignments/MIT6_189IAP11_graphics.pdf"/>
                        
        </resource>
        <resource identifier="r_contents.assignments.graphics.py"
                  type="other"
                  href="contents/assignments/graphics.py">
            <metadata>
                <adlcp:location>contents/assignments/graphics.py.xml</adlcp:location>
            </metadata>
            <file href="contents/assignments/graphics.py"/>
                        
        </resource>
        <resource identifier="r_contents.assignments.words.txt"
                  type="other"
                  href="contents/assignments/words.txt">
            <metadata>
                <adlcp:location>contents/assignments/words.txt.xml</adlcp:location>
            </metadata>
            <file href="contents/assignments/words.txt"/>
                        
        </resource>
        <resource identifier="r_contents.assignments.strings_and_lists.py"
                  type="other"
                  href="contents/assignments/strings_and_lists.py">
            <metadata>
                <adlcp:location>contents/assignments/strings_and_lists.py.xml</adlcp:location>
            </metadata>
            <file href="contents/assignments/strings_and_lists.py"/>
                        
        </resource>
        <resource identifier="r_contents.readings.index.htm"
                  type="webcontent"
                  href="contents/readings/index.htm">
            <metadata>
                <adlcp:location>contents/readings/index.htm.xml</adlcp:location>
            </metadata>
            <file href="contents/readings/index.htm"/>
            <dependency identifierref="webrenderrequirements.6-189-a-gentle-introduction-to-programming-using-python-january-iap-2011"/>            
        </resource>
        <resource identifier="r_contents.lectures.raw_input_example.py"
                  type="other"
                  href="contents/lectures/raw_input_example.py">
            <metadata>
                <adlcp:location>contents/lectures/raw_input_example.py.xml</adlcp:location>
            </metadata>
            <file href="contents/lectures/raw_input_example.py"/>
                        
        </resource>
        <resource identifier="r_contents.lectures.rps_example1.py"
                  type="other"
                  href="contents/lectures/rps_example1.py">
            <metadata>
                <adlcp:location>contents/lectures/rps_example1.py.xml</adlcp:location>
            </metadata>
            <file href="contents/lectures/rps_example1.py"/>
                        
        </resource>
        <resource identifier="r_contents.assignments.nims.py"
                  type="other"
                  href="contents/assignments/nims.py">
            <metadata>
                <adlcp:location>contents/assignments/nims.py.xml</adlcp:location>
            </metadata>
            <file href="contents/assignments/nims.py"/>
                        
        </resource>
        <resource identifier="r_contents.index.htm"
                  type="webcontent"
                  href="contents/index.htm">
            <metadata>
                <adlcp:location>contents/index.htm.xml</adlcp:location>
            </metadata>
            <file href="contents/index.htm"/>
            <dependency identifierref="webrenderrequirements.6-189-a-gentle-introduction-to-programming-using-python-january-iap-2011"/>            
        </resource>
        <resource identifier="r_contents.6-189iap11.jpg"
                  type="other"
                  href="contents/6-189iap11.jpg">
            <metadata>
                <adlcp:location>contents/6-189iap11.jpg.xml</adlcp:location>
            </metadata>
            <file href="contents/6-189iap11.jpg"/>
                        
        </resource>
        <resource identifier="r_contents.assignments.MIT6_189IAP11_project1.pdf"
                  type="other"
                  href="contents/assignments/MIT6_189IAP11_project1.pdf">
            <metadata>
                <adlcp:location>contents/assignments/MIT6_189IAP11_project1.pdf.xml</adlcp:location>
            </metadata>
            <file href="contents/assignments/MIT6_189IAP11_project1.pdf"/>
                        
        </resource>
        <resource identifier="r_contents.assignments.hangman_lib.py"
                  type="other"
                  href="contents/assignments/hangman_lib.py">
            <metadata>
                <adlcp:location>contents/assignments/hangman_lib.py.xml</adlcp:location>
            </metadata>
            <file href="contents/assignments/hangman_lib.py"/>
                        
        </resource>
        <resource identifier="r_contents.lectures.rps_example2.py"
                  type="other"
                  href="contents/lectures/rps_example2.py">
            <metadata>
                <adlcp:location>contents/lectures/rps_example2.py.xml</adlcp:location>
            </metadata>
            <file href="contents/lectures/rps_example2.py"/>
                        
        </resource>        
        <resource identifier="r_common.search.AdvancedSearch.htm"
                  type="webcontent"
                  href="common/search/AdvancedSearch.htm">
            <file href="common/search/AdvancedSearch.htm"/>
            <dependency identifierref="webrenderrequirements.6-189-a-gentle-introduction-to-programming-using-python-january-iap-2011"/>            
        </resource>
        <resource identifier="r_common.jsp.feedback.htm"
                  type="webcontent"
                  href="common/jsp/feedback.htm">
            <file href="common/jsp/feedback.htm"/>
            <dependency identifierref="webrenderrequirements.6-189-a-gentle-introduction-to-programming-using-python-january-iap-2011"/>            
        </resource>
        <resource identifier="r_common.terms.index.htm"
                  type="webcontent"
                  href="common/terms/index.htm">
            <file href="common/terms/by.png"/>
            <file href="common/terms/nc.png"/>
            <file href="common/terms/sa.png"/>
            <file href="common/terms/deedheadyellow.png"/>
            <file href="common/terms/freedomsheader.png"/>
            <file href="common/terms/limitationsheader.png"/>
            <file href="common/terms/understandingheader.jpg"/>
            <file href="common/terms/deedfootyellow.png"/>
            <dependency identifierref="webrenderrequirements.6-189-a-gentle-introduction-to-programming-using-python-january-iap-2011"/>            
        </resource>
        <resource identifier="r_common.terms.trademarks.index.htm"
                  type="webcontent"
                  href="common/terms/trademarks/index.htm">
            <file href="common/terms/trademarks/index.htm"/>
            <dependency identifierref="webrenderrequirements.6-189-a-gentle-introduction-to-programming-using-python-january-iap-2011"/>            
        </resource>
        <resource identifier="webrenderrequirements.6-189-a-gentle-introduction-to-programming-using-python-january-iap-2011"
                  type="webcontent">
        	<file href="common/styles/base.css"/>
        	<file href="common/styles/courses.css"/>
        	<file href="common/styles/courses_new.css"/>
        	<file href="common/styles/educator.css"/>
        	<file href="common/styles/global.css"/>
        	<file href="common/styles/grid.css"/>
        	<file href="common/styles/highslide.css"/>
        	<file href="common/styles/highslide-ie6.css"/>
        	<file href="common/styles/jquery.bubblepopup.css"/>
        	<file href="common/styles/jquery.jscrollpane.css"/>
        	<file href="common/styles/jquery-ui.css"/>
        	<file href="common/styles/menu.css"/>
        	<file href="common/styles/scholar2.css"/>
        	<file href="common/styles/media_tabs.css"/>
        	<file href="common/scripts/bubble-popup-offline.js"/>
        	<file href="common/scripts/jquery.js"/>
        	<file href="common/scripts/ocw-media-utils.js"/>
        	<file href="common/scripts/ocw-media-utils-offline.js"/>
        	<file href="common/scripts/highslide-with-gallery.js"/>
        	<file href="common/scripts/jquery.bubblepopup.min.js"/>
        	<file href="common/scripts/jquery.jscrollpane.min.js"/>
        	<file href="common/scripts/jquery-ui.min.js"/>
        	<file href="common/scripts/jQuizMe-uncompressed.js"/>
        	<file href="common/scripts/ocw-offline.js"/>
        	<file href="common/scripts/expandy.js"/>
        	<file href="common/scripts/chart.js"/>
        	<file href="common/scripts/jquery.anythingslider.js"/>
        	<file href="common/images/ocw_mast.png"/>
        	<file href="common/images/button_subscribe.png"/>
        	<file href="common/images/icon_fb.png"/>
        	<file href="common/images/icon_gp.png"/>
        	<file href="common/images/icon_pin.png"/>
        	<file href="common/images/icon_tw.png"/>
        	<file href="common/images/icon-question-ovt.png"/>
        	<file href="common/images/icon-question-svt.png"/>
        	<file href="common/images/icon-question-avt.png"/>
        	<file href="common/images/top-nav_home.png"/>
        	<file href="common/images/button_search.png"/>
        	<file href="common/images/bg_top.png"/>
        	<file href="common/images/bg_social.png"/>
        	<file href="common/images/bg_social2.png"/>
        	<file href="common/images/bg_mega-courses.png"/>
        	<file href="common/images/bg_center2.png"/>
        	<file href="common/images/bg_course-nav_current.png"/>
        	<file href="common/images/button_donate-now.png"/>
        	<file href="common/images/logo_mit.png"/>
        	<file href="common/images/logo_ocwc.gif"/>
        	<file href="common/images/cc_by-nc-sa.png"/>
        	<file href="common/images/logo_dow.png"/>
        	<file href="common/images/logo_lockheed.png"/>
        	<file href="common/images/logo_mathworks.png"/>
        	<file href="common/images/logo_abinitio.png"/>
        	<file href="common/images/logo_sapient.png"/>
        	<file href="common/images/bg_bottom.png"/>
        	<file href="common/images/nav_arrow.png"/>
        	<file href="common/images/news-subscibe_bg.png"/>
        	<file href="common/images/black-arrow.gif"/>
        	<file href="common/images/trans.gif"/>
        	<file href="common/images/arrow-bullet.gif"/>
        	<file href="common/images/apple-touch-icon.png"/>
        	<file href="common/images/highslide/graphics/zoomin.cur"/>
        	<file href="common/images/highslide/graphics/zoomout.cur"/>
        	<file href="common/images/highslide/graphics/controlbar2.gif"/>
        	<file href="common/images/highslide/graphics/controlbar3.gif"/>
        	<file href="common/images/highslide/graphics/controlbar4.gif"/>
        	<file href="common/images/highslide/graphics/controlbar4-hover.gif"/>
        	<file href="common/images/highslide/graphics/controlbar-black-border.gif"/>
        	<file href="common/images/highslide/graphics/controlbar-white.gif"/>
        	<file href="common/images/highslide/graphics/controlbar-white-small.gif"/>
        	<file href="common/images/highslide/graphics/fullexpand.gif"/>
        	<file href="common/images/highslide/graphics/icon.gif"/>
        	<file href="common/images/highslide/graphics/loader.gif"/>
        	<file href="common/images/highslide/graphics/loader.white.gif"/>
        	<file href="common/images/highslide/graphics/resize.gif"/>
        	<file href="common/images/highslide/graphics/close.png"/>
        	<file href="common/images/highslide/graphics/closeX.png"/>
        	<file href="common/images/highslide/graphics/controlbar-text-buttons.png"/>
        	<file href="common/images/highslide/graphics/geckodimmer.png"/>
        	<file href="common/images/highslide/graphics/scrollarrows.png"/>
        	<file href="common/images/highslide/graphics/outlines/beveled.png"/>
        	<file href="common/images/highslide/graphics/outlines/drop-shadow.png"/>
        	<file href="common/images/highslide/graphics/outlines/glossy-dark.png"/>
        	<file href="common/images/highslide/graphics/outlines/outer-glow.png"/>
        	<file href="common/images/highslide/graphics/outlines/rounded-black.png"/>
        	<file href="common/images/highslide/graphics/outlines/rounded-white.png"/>
        	<file href="common/images/highslide/graphics/outlines/Outlines.psd"/>
        	<file href="common/images/button_continue.jpg"/>
        	<file href="common/images/button_donate.jpg"/>
        	<file href="common/images/button_start.jpg"/>
        	<file href="common/images/scholar_bar_chp.png"/>
        	<file href="common/images/scholar_bar.png"/>
        	<file href="common/images/logo_pdf.jpg"/>
        	<file href="common/images/h2_trigger_open_close.gif"/>
        	<file href="common/images/bookmark.gif"/>
        	<file href="common/images/check.png"/>
        	<file href="common/images/lightbulb.png"/>
        	<file href="common/images/audio_file.gif"/>
        	<file href="common/images/audio_only_slate.gif"/>
        	<file href="common/images/video_file.gif"/>
        	<file href="common/images/back-5.png"/>
        	<file href="common/images/btn_next_resource.png"/>
        	<file href="common/images/btn_previous_resource.png"/>
        	<file href="common/images/close.png"/>
        	<file href="common/images/inacessible.gif"/>
        	<file href="common/images/jquerybubblepopup-theme/grey/ie/bottom-left.gif"/>
        	<file href="common/images/jquerybubblepopup-theme/grey/ie/bottom-middle.gif"/>
        	<file href="common/images/jquerybubblepopup-theme/grey/ie/bottom-right.gif"/>
        	<file href="common/images/jquerybubblepopup-theme/grey/ie/middle-left.gif"/>
        	<file href="common/images/jquerybubblepopup-theme/grey/ie/middle-right.gif"/>
        	<file href="common/images/jquerybubblepopup-theme/grey/ie/tail-bottom.gif"/>
        	<file href="common/images/jquerybubblepopup-theme/grey/ie/tail-left.gif"/>
        	<file href="common/images/jquerybubblepopup-theme/grey/ie/tail-right.gif"/>
        	<file href="common/images/jquerybubblepopup-theme/grey/ie/tail-top.gif"/>
        	<file href="common/images/jquerybubblepopup-theme/grey/ie/top-left.gif"/>
        	<file href="common/images/jquerybubblepopup-theme/grey/ie/top-middle.gif"/>
        	<file href="common/images/jquerybubblepopup-theme/grey/ie/top-right.gif"/>
        	<file href="common/images/jquerybubblepopup-theme/grey/bottom-left.png"/>
        	<file href="common/images/jquerybubblepopup-theme/grey/bottom-middle.png"/>
        	<file href="common/images/jquerybubblepopup-theme/grey/bottom-right.png"/>
        	<file href="common/images/jquerybubblepopup-theme/grey/middle-left.png"/>
        	<file href="common/images/jquerybubblepopup-theme/grey/middle-right.png"/>
        	<file href="common/images/jquerybubblepopup-theme/grey/tail-bottom.png"/>
        	<file href="common/images/jquerybubblepopup-theme/grey/tail-left.png"/>
        	<file href="common/images/jquerybubblepopup-theme/grey/tail-right.png"/>
        	<file href="common/images/jquerybubblepopup-theme/grey/tail-top.png"/>
        	<file href="common/images/jquerybubblepopup-theme/grey/top-left.png"/>
        	<file href="common/images/jquerybubblepopup-theme/grey/top-middle.png"/>
        	<file href="common/images/jquerybubblepopup-theme/grey/top-right.png"/>
        	<file href="common/images/educator/classroom_next.png"/>
        	<file href="common/images/educator/classroom_next_dim.png"/>
        	<file href="common/images/educator/classroom_prev.png"/>
        	<file href="common/images/educator/classroom_prev_dim.png"/>
        	<file href="common/images/educator/edu_b-blank.png"/>
        	<file href="common/images/educator/edu_b-blank-key.png"/>
        	<file href="common/images/educator/edu_b-duedate.png"/>
        	<file href="common/images/educator/edu_b-duedate-key.png"/>
        	<file href="common/images/educator/edu_b-exam.png"/>
        	<file href="common/images/educator/edu_b-exam-key.png"/>
        	<file href="common/images/educator/edu_b-lab.png"/>
        	<file href="common/images/educator/edu_b-lab-key.png"/>
        	<file href="common/images/educator/edu_b-lab-team.png"/>
        	<file href="common/images/educator/edu_b-lab-duedate.png"/>
        	<file href="common/images/educator/edu_b-leclab.png"/>
        	<file href="common/images/educator/edu_b-leclab-key.png"/>
        	<file href="common/images/educator/edu_b-lecture.png"/>
        	<file href="common/images/educator/edu_b-lecture-duedate.png"/>
        	<file href="common/images/educator/edu_b-lecture-exam.png"/>
        	<file href="common/images/educator/edu_b-lecture-key.png"/>
        	<file href="common/images/educator/edu_b-lecture-lunch.png"/>
        	<file href="common/images/educator/edu_b-lecture-preslab.png"/>
        	<file href="common/images/educator/edu_b-lecture-quiz.png"/>
        	<file href="common/images/educator/edu_b-lecture-team.png"/>
        	<file href="common/images/educator/edu_b-lecrec-key.png"/>
        	<file href="common/images/educator/edu_b-leclab-duedate.png"/>
        	<file href="common/images/educator/edu_b-lecrec.png"/>
        	<file href="common/images/educator/edu_b-lecrec-duedate.png"/>
        	<file href="common/images/educator/edu_b-noclass-quiz.png"/>
        	<file href="common/images/educator/edu_b-lunch.png"/>
        	<file href="common/images/educator/edu_b-lunch-key.png"/>
        	<file href="common/images/educator/edu_b-noclass.png"/>
        	<file href="common/images/educator/edu_b-noclass-duedate.png"/>
        	<file href="common/images/educator/edu_b-noclass-exam.png"/>
        	<file href="common/images/educator/edu_b-noclass-key.png"/>
        	<file href="common/images/educator/edu_b-office.png"/>
        	<file href="common/images/educator/edu_b-office-key.png"/>
        	<file href="common/images/educator/edu_b-present.png"/>
        	<file href="common/images/educator/edu_b-present-duedate.png"/>
        	<file href="common/images/educator/edu_b-present-key.png"/>
        	<file href="common/images/educator/edu_b-preslab.png"/>
        	<file href="common/images/educator/edu_b-preslab-key.png"/>
        	<file href="common/images/educator/edu_b-quiz-key.png"/>
        	<file href="common/images/educator/edu_b-reclab-key.png"/>
        	<file href="common/images/educator/edu_b-reclab-concert.png"/>
        	<file href="common/images/educator/edu_b-reclab.png"/>
        	<file href="common/images/educator/edu_b-noclass-concert.png"/>
        	<file href="common/images/educator/edu_b-leclab-concert.png"/>
        	<file href="common/images/educator/edu_b-concert-key.png"/>
        	<file href="common/images/educator/edu_b-concert.png"/>
        	<file href="common/images/educator/edu_b-recitation.png"/>
        	<file href="common/images/educator/edu_b-recitation-duedate.png"/>
        	<file href="common/images/educator/edu_b-recitation-exam.png"/>
        	<file href="common/images/educator/edu_b-recitation-key.png"/>
        	<file href="common/images/educator/edu_b-team.png"/>
        	<file href="common/images/educator/edu_b-team-key.png"/>
        	<file href="common/images/educator/edu_b-team-preslab.png"/>
        	<file href="common/images/educator/edu_b-work.png"/>
        	<file href="common/images/educator/edu_b-work-key.png"/>
        	<file href="common/images/educator/icon-question-cih.png"/>
        	<file href="common/images/educator/icon-question-cihw.png"/>
        	<file href="common/images/educator/icon-question-cim.png"/>
        	<file href="common/images/educator/icon-question-collab.png"/>
        	<file href="common/images/educator/icon-question-coop.png"/>
        	<file href="common/images/educator/icon-question-fas.png"/>
        	<file href="common/images/educator/icon-question-gir.png"/>
        	<file href="common/images/educator/icon-question-hass.png"/>
        	<file href="common/images/educator/icon-question-hass-s.png"/>
        	<file href="common/images/educator/icon-question-iap.png"/>
        	<file href="common/images/educator/icon-question-lab.png"/>
        	<file href="common/images/educator/icon-question-urop.png"/>
        	<file href="common/images/educator/icon-question-active.png"/>
        	<file href="common/images/educator/icon-question-clickq.png"/>
        	<file href="common/images/educator/icon-question-conq.png"/>
        	<file href="common/images/educator/icon-question-flip.png"/>
        	<file href="common/images/educator/icon-question-form.png"/>
        	<file href="common/images/educator/icon-question-immed.png"/>
        	<file href="common/images/educator/icon-question-learn.png"/>
        	<file href="common/images/educator/icon-question-ped.png"/>
        	<file href="common/images/educator/icon-question-readq.png"/>
        	<file href="common/images/educator/icon-question-service.png"/>
        	<file href="common/images/educator/icon-question-sum.png"/>
        	<file href="common/webfonts/TitilliumText22L002-webfont.woff"/>
        	<file href="common/webfonts/TitilliumText22L002-webfont.ttf"/>
        	<file href="common/webfonts/TitilliumText22L002-webfont.svg"/>
        	<file href="common/webfonts/TitilliumText22L002-webfont.eot"/>
        	<file href="common/webfonts/TitilliumText22L003-webfont.woff"/>
        	<file href="common/webfonts/TitilliumText22L003-webfont.ttf"/>
        	<file href="common/webfonts/TitilliumText22L003-webfont.eot"/>
        	<file href="common/webfonts/TitilliumText22L003-webfont.svg"/>
        	<file href="common/webfonts/TitilliumText22L005-webfont.woff"/>
        	<file href="common/webfonts/TitilliumText22L005-webfont.ttf"/>
        	<file href="common/webfonts/TitilliumText22L005-webfont.svg"/>
        	<file href="common/webfonts/TitilliumText22L005-webfont.eot"/>
        </resource>        
  </resources>
</manifest>
